total emissions (kg),total energy (kWh),last_run emissions (kg),last_run energy (kWh)
0.0004707319853634508,1.756735119847999e-05,0.0004707319853634508,1.756735119847999e-05
